Lock,ID,Name,Pos,Team,Opp,Salary,STDV,Value,Vegas,Floor,Ceiling,RnkGPP,RnkCash,Boom,Bust,2X,2.5X,3X,3.5X,4X,4.5X,5X,5.5X,Optimal,Lev,Hero Own,Hero Proj.,User Own,User Proj.,Agg Proj.,Rdm %,Min. Exp.,Max. Exp.,Build Exp.
No,36948084,Saquon Barkley,RB,PHI,vs PIT,8600,10.27,2.52,24.25,14.5,28.57,2,6,19.22,53.61,67.52,50.54,34.04,19.62,10.52,4.94,1.8,0.58,15.2,4.36,10.84,21.71,10.84,21.71,21.71,0,0,100,
No,36948005,Josh Allen,QB,BUF,@ DET,8500,10.44,2.87,26,17.16,31.33,9,11,10.5,54.14,75.26,60.78,45.18,29.98,17.72,9.42,3.86,1.5,5.76,0.1,5.66,24.41,5.66,24.41,24.41,0,0,100,
No,36948348,Ja'Marr Chase,WR,CIN,@ TEN,8400,9.86,2.52,26.25,14.44,27.74,25,5,18.12,53.97,66.26,49.18,33.52,20.86,10.52,4.52,1.68,0.32,9.6,-6.15,15.75,21.18,15.75,21.18,21.18,0,0,100,
No,36948006,Lamar Jackson,QB,BAL,@ NYG,8300,10.82,2.74,30,15.18,29.81,11,19,9.53,57.9,70.96,56.46,42.8,28.68,17.08,9.22,4.24,1.8,4.32,1.83,2.49,22.74,2.49,22.74,22.74,0,0,100,
No,36948086,Derrick Henry,RB,BAL,@ NYG,8300,10.02,2.52,30,14.52,27.89,21,8,18.49,53.93,66.58,51.94,35.96,21.98,11.48,5.7,2.34,0.84,10.5,-8.44,18.94,20.93,18.94,20.93,20.93,0,0,100,
No,36948350,Nico Collins,WR,HOU,vs MIA,8100,10.02,2.56,24.5,14.1,27.54,29,8,19.15,52.96,67.94,51.5,35.76,21.76,12,6.14,2.16,0.88,7.54,-5.96,13.5,20.7,13.5,20.7,20.70,0,0,100,
No,36948007,Jalen Hurts,QB,PHI,vs PIT,8000,10.08,2.54,24.25,13.28,26.85,20,21,5.95,64.38,66.98,51.54,36.3,22.76,12.7,5.94,2.36,0.92,1.28,-0.92,2.2,20.28,2.2,20.28,20.28,0,0,100,
No,36948352,A.J. Brown,WR,PHI,vs PIT,8000,9.66,2.15,24.25,10.74,23.76,14,28,10.77,65.94,55.44,38.98,24.2,13.6,7.1,3.24,1.1,0.32,5.76,0.69,5.07,17.23,5.07,17.23,17.23,0,0,100,
No,36948088,De'Von Achane,RB,MIA,@ HOU,7900,9.38,2.3,22,11.84,24.55,26,16,12.57,61.56,61.64,45.3,28.94,16.26,8.22,3.62,1.2,0.36,4.48,-1.33,5.81,18.2,5.81,18.2,18.20,0,0,100,
No,36948090,Joe Mixon,RB,HOU,vs MIA,7800,10.89,2.72,24.5,13.96,28.61,3,5,24.61,48.1,69.72,56.26,41.86,28.6,17.26,9.72,4.7,1.82,14.08,0.19,13.89,21.24,13.89,21.24,21.24,0,0,100,
No,36948092,Alvin Kamara,RB,NO,vs WAS,7700,9.45,2.43,18.5,12.63,25.18,22,9,15.01,57.51,63.6,47.92,32.24,19.56,10.72,4.62,1.72,0.58,7.04,-1.33,8.37,18.69,8.37,18.69,18.69,0,0,100,
No,36948354,Amon-Ra St. Brown,WR,DET,vs BUF,7600,10.01,2.53,28.5,12.13,25.85,1,4,18.34,54.13,65.32,51.6,36.28,23.34,13.62,6.46,2.8,0.96,14.72,5.36,9.36,19.2,9.36,19.2,19.20,0,0,100,
No,36948008,Jayden Daniels,QB,WAS,@ NO,7500,9.95,3,26,16.07,29.22,3,6,11.43,49.92,77.32,65.16,50.1,34.88,22.42,13.04,7.02,2.94,8.32,2.5,5.82,22.52,5.82,22.52,22.52,0,0,100,
No,36948094,Jahmyr Gibbs,RB,DET,vs BUF,7500,9.88,2.3,28.5,10.4,24.02,6,11,13.75,61.1,58.34,43.34,29.38,17.94,9.68,4.72,1.96,0.66,11.52,3.35,8.17,17.21,8.17,17.21,17.21,0,0,100,
No,36948356,Tyreek Hill,WR,MIA,@ HOU,7400,10,2.32,22,10.6,24.05,3,11,14.42,60.32,59.32,44.7,30.4,19.54,10.34,5.22,2.32,0.74,12.8,4.39,8.41,17.14,8.41,17.14,17.14,0,0,100,
No,36948009,Joe Burrow,QB,CIN,@ TEN,7300,9.54,2.9,26.25,14.6,27.49,16,13,9.15,52.95,76,62.54,48.14,32.96,19.92,10.98,5.42,2.6,3.2,-0.55,3.75,21.19,3.75,21.19,21.19,0,0,100,
No,36948358,CeeDee Lamb,WR,DAL,@ CAR,7300,9.87,2.2,19.5,9.44,23.1,6,19,12.2,63.84,54.52,39.96,26.66,15.82,8,4.1,1.66,0.58,10.24,4.23,6.01,16.03,6.01,16.03,16.03,0,0,100,
No,36948096,Chase Brown,RB,CIN,@ TEN,7200,10.13,2.89,26.25,14.05,27.96,15,3,26.23,43.91,73.28,60.9,47.16,33.82,21.58,13.1,7.08,2.82,17.28,-7.05,24.33,20.83,24.33,20.83,20.83,0,0,100,
No,36948360,Terry McLaurin,WR,WAS,@ NO,7200,8.13,2.12,26,9.75,20.76,9,23,6.95,68.99,53.48,37.02,21.8,11.24,4.82,1.66,0.48,0.1,8.58,4.53,4.05,15.25,4.05,15.25,15.25,0,0,100,
No,36948362,Mike Evans,WR,TB,@ LAC,7100,9.51,2.23,21.75,9.61,22.14,34,17,11.97,63.15,56.88,41.46,27.48,16.48,9.18,4.18,2,0.7,8.96,-0.29,9.25,15.84,9.25,15.84,15.84,0,0,100,
No,36948098,David Montgomery,RB,DET,vs BUF,7000,8.41,2.07,28.5,8.92,20.15,9,17,7.18,69.54,52.5,36.84,22.7,11.62,5.6,2.16,0.64,0.18,6.46,1.54,4.92,14.5,4.92,14.5,14.50,0,0,100,
No,36948100,Jonathan Taylor,RB,IND,@ DEN,6900,9.12,2.32,19.5,10.01,22.24,23,12,12.39,60.99,60.36,44.66,30.76,18.98,10.7,4.84,2.32,0.86,6.4,-0.6,7,16.01,7,16.01,16.01,0,0,100,
No,36948364,Davante Adams,WR,NYJ,@ JAX,6900,9.5,2.36,22,10.17,22.96,31,12,14.03,59.36,61.02,46.82,33.04,21.42,12.18,6.36,3.08,1.26,8.96,-1.21,10.17,16.31,10.17,16.31,16.31,0,0,100,
No,36948102,James Cook,RB,BUF,@ DET,6800,8.46,1.88,26,7.09,18.42,16,22,5.45,74.45,45.52,31.32,19.16,10.18,4.6,1.9,0.64,0.1,5.12,3.33,1.79,12.76,1.79,12.76,12.76,0,0,100,
No,36948366,Tee Higgins,WR,CIN,@ TEN,6800,9.29,2.57,26.25,11.09,23.63,2,2,17,53.69,66.1,51.82,36.96,24.38,14.34,7.7,3.66,1.32,17.28,0.51,16.77,17.46,16.77,17.46,17.46,0,0,100,
No,36948010,Patrick Mahomes,QB,KC,@ CLE,6700,8.09,2.64,23,12.28,22.98,23,20,3.72,61.85,70.82,55.84,39.04,24.62,13.4,6.32,2.38,0.88,1.28,-3.19,4.47,17.66,4.47,17.66,17.66,0,0,100,
No,36948104,Tony Pollard,RB,TEN,vs CIN,6700,8.42,2.23,20.25,9.11,20.8,10,15,9.28,64.56,57.26,42.26,27.92,16.42,8.16,3.52,1.3,0.44,6.4,0.28,6.12,14.94,6.12,14.94,14.94,0,0,100,
No,36948106,James Conner,RB,ARI,vs NE,6600,9.77,2.98,26,13.07,26.34,1,2,26.48,42.47,74.92,63.42,50.32,37.12,25.24,16.26,9.02,4.78,23.68,5.11,18.57,19.7,18.57,19.7,19.70,0,0,100,
No,36948370,Courtland Sutton,WR,DEN,vs IND,6600,8.26,2.45,24,10.77,21.78,19,6,12.11,57.98,64.42,47.7,31.86,19.68,10.3,5.04,1.98,0.8,10.88,-1.2,12.08,16.17,12.08,16.17,16.17,0,0,100,
No,36948011,Jared Goff,QB,DET,vs BUF,6500,8.7,3.09,28.5,14.15,25.78,4,7,9.45,47.39,78.44,65.96,51.66,37.78,24.76,14.72,8.02,3.64,7.04,2.87,4.17,20.07,4.17,20.07,20.07,0,0,100,
No,36948108,Chuba Hubbard,RB,CAR,vs DAL,6500,9.67,3.23,22.5,14.4,27.2,12,1,31.66,36.3,80.24,69.44,56.52,42.96,30.8,19.86,11.8,6.42,24.96,-8.46,33.42,20.99,33.42,20.99,20.99,0,0,100,
No,36948372,Garrett Wilson,WR,NYJ,@ JAX,6500,8.37,2.39,22,9.68,21.22,4,14,11.46,59.73,61.28,45.22,30.08,18.46,10.26,4.96,2.18,0.84,8.38,0.89,7.49,15.54,7.49,15.54,15.54,0,0,100,
No,36948012,Baker Mayfield,QB,TB,@ LAC,6400,8.31,2.77,21.75,11.88,23.28,41,23,5.27,56.98,73.06,58.58,43.06,28.94,17.78,9.72,4.44,1.78,0.01,-1.96,1.97,17.74,1.97,17.74,17.74,0,0,100,
No,36948110,Breece Hall,RB,NYJ,@ JAX,6400,8.67,2.07,22,7.31,19.15,28,20,8.08,68.35,51.2,38.04,24.68,14.28,7.98,3.58,1.56,0.68,2.56,-1.64,4.2,13.22,4.2,13.22,13.22,0,0,100,
No,36948374,Malik Nabers,WR,NYG,vs BAL,6400,8,2.4,13.5,9.8,20.69,5,13,10.59,59.79,62.74,47.58,31.22,18.84,10.56,5.08,2.14,0.82,8.32,0.35,7.97,15.38,7.97,15.38,15.38,0,0,100,
No,36948013,Bo Nix,QB,DEN,vs IND,6300,8.95,2.9,24,12.1,24.45,17,16,7.88,52.89,73.96,61.72,48.12,34.04,22.22,13.08,7.24,3.86,1.94,-1.63,3.57,18.25,3.57,18.25,18.25,0,0,100,
No,36948112,Bucky Irving,RB,TB,@ LAC,6300,7.62,1.78,21.75,6.1,16.5,30,24,3.38,78.17,42.58,26.7,15.88,7.98,3.56,1.32,0.38,0.1,1.28,-2.26,3.54,11.19,3.54,11.19,11.19,0,0,100,
No,36948376,Ladd McConkey,WR,LAC,vs TB,6300,8.5,2.55,24.25,10.02,21.95,20,3,14.37,54.88,65.04,51.82,36.46,23.72,13.96,7.14,3.14,1.34,9.66,-5.4,15.06,16.08,15.06,16.08,16.08,0,0,100,
No,36948014,C.J. Stroud,QB,HOU,vs MIA,6200,8.96,3.15,24.5,13.63,25.6,5,5,10.79,45.94,78.5,67.9,55.82,42.48,29.38,17.8,10.22,5.42,6.46,1.4,5.06,19.51,5.06,19.51,19.51,0,0,100,
No,36948114,Brian Robinson Jr.,RB,WAS,@ NO,6200,8.6,2.59,26,10.28,21.92,4,7,15.16,53.94,66.84,52.9,38.74,25.66,15.58,8.14,4.2,1.4,12.16,0.28,11.88,16.03,11.88,16.03,16.03,0,0,100,
No,36948378,Jerry Jeudy,WR,CLE,vs KC,6200,9.26,2.53,18.5,9.21,21.68,23,7,16.01,55.18,63.98,51.5,37.78,26.28,17.04,9.78,4.92,2.5,9.66,-5.04,14.7,15.67,14.7,15.67,15.67,0,0,100,
No,36948015,Tua Tagovailoa,QB,MIA,@ HOU,6100,8.41,3.1,22,13.38,24.6,14,8,8.77,47.14,78.62,67.24,53.06,39.1,25.26,15.28,8.08,3.86,3.2,-3.84,7.04,18.9,7.04,18.9,18.90,0,0,100,
No,36948116,Rico Dowdle,RB,DAL,@ CAR,6100,8.03,2.8,19.5,11.56,22.31,17,4,17.24,47.94,73.8,59.9,44.66,30.44,18.92,10.16,4.52,1.9,13.04,-6.63,19.67,17.06,19.67,17.06,17.06,0,0,100,
No,36948380,Khalil Shakir,WR,BUF,@ DET,6100,7.59,2.26,26,8.46,19.02,48,26,7.69,64.52,58.02,42.04,27.72,16.22,8.28,3.78,1.74,0.46,3.2,-2.62,5.82,13.81,5.82,13.81,13.81,0,0,100,
No,36948016,Kyler Murray,QB,ARI,vs NE,6000,9.1,3.51,26,15,27.01,8,1,16.25,36.9,84.06,75.14,63.66,50.86,38.14,26.04,15.92,9.04,10.24,-1.93,12.17,21.05,12.17,21.05,21.05,0,0,100,
No,36948122,Isiah Pacheco,RB,KC,@ CLE,6000,8.37,2.34,23,8.4,19.56,8,13,10.74,61.22,59.38,44.92,31.52,19.56,11.66,5.8,2.62,0.92,6.26,1.52,4.74,14.01,4.74,14.01,14.01,0,0,100,
No,36948382,Zay Flowers,WR,BAL,@ NYG,6000,7.99,2.27,30,8.19,18.94,38,21,8.85,63.62,57.96,43.28,29.76,18.26,9.98,4.92,2.3,0.88,5.76,-0.39,6.15,13.62,6.15,13.62,13.62,0,0,100,
No,36948818,Trey McBride,TE,ARI,vs NE,6000,8.53,2.99,26,12.08,23.46,17,2,22.43,42.85,74.48,62.46,49.56,35.04,22.9,13.8,7.3,3.46,12.8,-1.94,14.74,17.94,14.74,17.94,17.94,0,0,100,
No,36948017,Justin Herbert,QB,LAC,vs TB,5900,8.35,3.25,24.25,13.62,24.8,13,3,10.37,42.97,81.42,70.84,57.66,43.78,30.58,19.14,10.86,5.52,3.2,-7.48,10.68,19.18,10.68,19.18,19.18,0,0,100,
No,36948120,Najee Harris,RB,PIT,@ PHI,5900,7.72,2.2,18.75,7.9,18.12,11,18,7.42,65.89,58.12,41.8,27.36,16.12,8.48,4,1.76,0.68,5.76,0.82,4.94,13,4.94,13,13.00,0,0,100,
No,36948124,Rhamondre Stevenson,RB,NE,@ ARI,5900,8.57,2.42,20,8.46,19.99,5,10,12.48,58.61,60.5,47.86,34.76,23.56,14.14,7.82,4.04,1.9,11.52,5.45,6.07,14.3,6.07,14.3,14.30,0,0,100,
No,36948384,Calvin Ridley,WR,TEN,vs CIN,5900,8.84,2.44,20.25,8.49,20.45,17,9,13.51,57.85,61.48,48.94,35.92,24.3,14.22,8.16,4.34,2.02,13.44,-0.84,14.28,14.41,14.28,14.41,14.41,0,0,100,
No,36948018,Anthony Richardson,QB,IND,@ DEN,5800,8.56,2.99,19.5,11.36,22.83,2,9,7.95,50.28,75.56,63.4,50.18,37.6,25.04,16.24,9.44,4.8,9.6,5.79,3.81,17.34,3.81,17.34,17.34,0,0,100,
No,36948126,Rachaad White,RB,TB,@ LAC,5800,7.71,1.99,21.75,6.57,16.78,13,19,5.45,71.4,49.4,35.44,23.42,13.4,6.9,3.1,1.44,0.5,5.18,1.99,3.19,11.57,3.19,11.57,11.57,0,0,100,
No,36948386,Brian Thomas Jr.,WR,JAX,vs NYJ,5800,7.87,2.7,19,10.09,20.6,16,1,14.62,51.44,69.8,55.6,40.54,27.68,17.06,8.78,4.32,1.8,15.2,-1.74,16.94,15.63,16.94,15.63,15.63,0,0,100,
No,36948019,Russell Wilson,QB,PIT,@ PHI,5700,7.67,2.43,18.75,8.7,19.16,22,22,2.35,66.4,62.1,47.62,32.72,19.88,12.04,6.3,2.94,1.22,0.64,-0.42,1.06,13.85,1.06,13.85,13.85,0,0,100,
No,36948128,Tyrone Tracy Jr.,RB,NYG,vs BAL,5700,7.71,2.29,13.5,8.01,18.56,7,14,8.44,63.26,59.12,44.56,30.86,19.16,10.96,5.32,2.38,0.94,7.68,5.29,2.39,13.07,2.39,13.07,13.07,0,0,100,
No,36948388,Jaylen Waddle,WR,MIA,@ HOU,5700,8.41,2.35,22,7.76,19.03,43,20,11.06,60.75,58.96,45.28,32.62,20.58,12.7,6.62,3.36,1.5,3.84,-6.89,10.73,13.39,10.73,13.39,13.39,0,0,100,
No,36948820,Travis Kelce,TE,KC,@ CLE,5700,8,2.36,23,7.97,18.64,4,8,10,61.08,59.06,45.96,31.98,20.1,11.5,6.04,2.9,1.16,7.04,2.74,4.3,13.43,4.3,13.43,13.43,0,0,100,
No,36948020,Drake Maye,QB,NE,@ ARI,5600,8.4,3.19,20,12.38,23.59,10,4,9.67,44.93,77.58,66.42,53.9,40.9,28.8,18.28,10.74,6,5.36,-0.5,5.86,17.87,5.86,17.87,17.87,0,0,100,
No,36948130,Travis Etienne Jr.,RB,JAX,vs NYJ,5600,6.1,1.73,19,5.55,13.88,29,29,1.22,82.61,41.14,24.26,12.12,5.44,1.9,0.58,0.14,0.02,0.64,-0.11,0.75,9.71,0.75,9.71,9.71,0,0,100,
No,36948390,Jameson Williams,WR,DET,vs BUF,5600,7.52,2.34,28.5,7.91,17.92,37,15,8.51,62.12,60.34,45.68,31.76,19.76,11,5.3,2.6,0.82,6.64,-1.39,8.03,13.12,8.03,13.12,13.12,0,0,100,
No,36948021,Jameis Winston,QB,CLE,vs KC,5500,9.04,2.87,18.5,9.48,21.76,7,12,8.03,53.03,70.18,58.72,46.34,33.62,23.9,15.98,9.62,5.24,7.04,2.97,4.07,15.81,4.07,15.81,15.81,0,0,100,
No,36948138,Nick Chubb,RB,CLE,vs KC,5500,7.26,1.61,18.5,3.74,13.77,24,30,2.42,80.86,38.22,24.44,14.7,7.54,3.64,1.38,0.38,0.14,1.28,0.65,0.63,8.86,0.63,8.86,8.86,0,0,100,
No,36948392,Marvin Harrison Jr.,WR,ARI,vs NE,5500,8.31,2.51,26,8.23,19.35,24,10,12.91,56.69,62.56,50.02,36.68,24.84,16.12,9.26,5.14,2.66,9.6,-2.67,12.27,13.8,12.27,13.8,13.80,0,0,100,
No,36948394,DeVonta Smith,WR,PHI,vs PIT,5500,7.82,2.14,24.25,6.84,17.19,41,32,7.15,67.05,54.16,40.38,27.62,16.86,9.78,5.12,2.32,0.84,3.2,-0.09,3.29,11.75,3.29,11.75,11.75,0,0,100,
No,36948022,Aaron Rodgers,QB,NYJ,@ JAX,5400,7.65,3.04,22,11.48,21.89,6,10,6.2,48.77,76.2,64.08,50.32,36.42,24.2,15.14,8.52,4.52,5.12,2.35,2.77,16.44,2.77,16.44,16.44,0,0,100,
No,36948134,Jaylen Warren,RB,PIT,@ PHI,5400,6.41,1.83,18.75,5.49,14.12,31,27,2.06,78.62,43.84,28.54,16.42,7.86,3.1,1.1,0.36,0.12,0.64,-0.76,1.4,9.87,1.4,9.87,9.87,0,0,100,
No,36948136,Braelon Allen,RB,NYJ,@ JAX,5400,5.91,1.23,22,2.78,10.61,91,37,1,92.01,24.06,12.44,5.18,2.08,0.44,0.16,0.04,0,0.01,-0.86,0.87,6.65,0.87,6.65,6.65,0,0,100,
No,36948396,Adam Thielen,WR,CAR,vs DAL,5400,7.74,2.29,22.5,7.02,17.48,39,18,8.54,63.18,59.04,45.62,31.38,20.42,11.98,6.56,3.24,1.5,6.4,-3.81,10.21,12.35,10.21,12.35,12.35,0,0,100,
No,36948398,Tank Dell,WR,HOU,vs MIA,5400,8.06,2.21,24.5,6.58,17.5,8,27,8.57,64.62,55.76,42.2,29.48,19.68,11.72,6.76,3.32,1.5,7.68,4.87,2.81,11.94,2.81,11.94,11.94,0,0,100,
No,36948822,Jonnu Smith,TE,MIA,@ HOU,5400,7.08,2.27,22,7.55,17.07,8,12,6.55,64.81,57.78,43.34,29.26,17.58,9.4,4.26,1.98,0.62,5.76,2.12,3.64,12.27,3.64,12.27,12.27,0,0,100,
No,36948023,Bryce Young,QB,CAR,vs DAL,5300,7.47,2.99,22.5,10.86,21.01,15,14,5.31,50.38,75.64,64.02,49.74,36.28,24.34,14.56,7.94,3.54,2.56,-0.25,2.81,15.83,2.81,15.83,15.83,0,0,100,
No,36948140,Gus Edwards,RB,LAC,vs TB,5300,7.37,1.76,24.25,4.36,14.2,20,26,3.44,76.84,42.9,29.1,18.22,9.92,4.98,2.18,0.88,0.26,2.56,1.24,1.32,9.31,1.32,9.31,9.31,0,0,100,
No,36948142,Jeremy McNichols,RB,WAS,@ NO,5300,4.97,0.94,26,1.68,8.41,87,39,1,97.49,13.08,5.28,1.56,0.28,0,0,0,0,0.01,-0.42,0.43,4.99,0.43,4.99,4.99,0,0,100,
No,36948400,Amari Cooper,WR,BUF,@ DET,5300,8.26,2.11,26,5.44,16.6,15,30,8.12,66.6,52.6,39.54,27.86,17.76,10.24,5.46,2.84,1.34,6.4,0.1,6.3,11.18,6.3,11.18,11.18,0,0,100,
No,36948402,DeAndre Hopkins,WR,KC,@ CLE,5300,8.02,2,23,5.05,15.99,18,34,6.51,69.67,50.4,37.76,26.22,16.4,9.1,4.86,2.14,1.04,4.08,0.36,3.72,10.59,3.72,10.59,10.59,0,0,100,
No,36948024,Cooper Rush,QB,DAL,@ CAR,5200,6.99,2.83,19.5,9.99,19.37,12,18,3.26,55.08,72.58,59.18,44.82,30.8,19.46,10.58,5.48,2.36,3.2,0.6,2.6,14.71,2.6,14.71,14.71,0,0,100,
No,36948144,Javonte Williams,RB,DEN,vs IND,5200,7.12,1.96,24,5.05,14.94,18,23,4.2,72.7,48.14,33.92,22.22,13.02,6.74,3.08,1.24,0.54,2.56,1.07,1.49,10.18,1.49,10.18,10.18,0,0,100,
No,36948146,Khalil Herbert,RB,CIN,@ TEN,5200,4.81,0.47,26.25,0,5.82,39,46,1,99.37,4.88,1.26,0.34,0.04,0.02,0,0,0,0.01,-0.13,0.14,2.46,0.14,2.46,2.46,0,0,100,
No,36948406,Michael Pittman Jr.,WR,IND,@ DEN,5200,6.05,1.96,19.5,6.24,14.17,59,41,2.13,75.98,49.64,33.62,19.36,10.04,4.42,1.62,0.54,0.26,0.64,-1.97,2.61,10.21,2.61,10.21,10.21,0,0,100,
No,36948026,Jake Haener,QB,NO,vs WAS,5100,7.24,2.64,18.5,8.38,18.25,44,24,2.78,60.12,67.6,53.56,40.28,27.08,16.52,9.34,4.76,2.24,0.01,-1.5,1.51,13.44,1.51,13.44,13.44,0,0,100,
No,36948148,Tank Bigsby,RB,JAX,vs NYJ,5100,7.35,2.05,19,5.36,15.54,14,21,5.48,69.58,52.24,38.52,26.22,15.8,9.24,4.86,1.98,0.84,4.54,2.62,1.92,10.47,1.92,10.47,10.47,0,0,100,
No,36948150,Ezekiel Elliott,RB,DAL,@ CAR,5100,4.93,0.54,19.5,0,6,34,43,1,99.02,6.52,2.14,0.4,0.08,0,0,0,0,0.01,-0.12,0.13,2.74,0.13,2.74,2.74,0,0,100,
No,36948408,Josh Downs,WR,IND,@ DEN,5100,7.18,2.18,19.5,6.21,16.1,11,25,6.09,66.79,55.18,40.34,27.68,17.34,10.22,4.96,2.34,1.02,6.4,1.3,5.1,11.12,5.1,11.12,11.12,0,0,100,
No,36948410,Xavier Worthy,WR,KC,@ CLE,5100,6.27,1.77,23,4.72,13.21,58,49,1.76,79.7,43.3,28.38,15.54,8.04,3.82,1.6,0.42,0.24,1.28,-0.48,1.76,9.03,1.76,9.03,9.03,0,0,100,
No,36948027,Will Levis,QB,TEN,vs CIN,5000,8.08,3.24,20.25,10.55,21.81,1,2,9.05,44.11,77.24,67.62,55.78,43.52,32.14,22.3,13.9,8.06,7.68,1.2,6.48,16.2,6.48,16.2,16.20,0,0,100,
No,36948152,Isaiah Davis,RB,NYJ,@ JAX,5000,5.17,1.03,22,1.64,8.66,82,40,1,95.65,17.14,7.74,2.62,0.78,0.18,0,0,0,0.01,-0.23,0.24,5.16,0.24,5.16,5.16,0,0,100,
No,36948154,Kareem Hunt,RB,KC,@ CLE,5000,6.34,1.31,23,2.22,10.89,81,38,1,87.94,28.52,17.62,9.04,4.14,1.6,0.56,0.24,0.06,0.01,-0.29,0.3,6.56,0.3,6.56,6.56,0,0,100,
No,36948412,Elijah Moore,WR,CLE,vs KC,5000,6.69,2.31,18.5,7.16,16.13,7,16,5.9,64.31,58.74,43.82,30.02,19.28,10.84,5.76,2.52,1.04,7.12,1.86,5.26,11.55,5.26,11.55,11.55,0,0,100,
No,36948414,Quentin Johnston,WR,LAC,vs TB,5000,6.42,2.01,24.25,5.72,14.42,56,38,3.16,72.99,51.14,36.02,22.78,13.1,6.54,2.88,0.9,0.24,1.28,-1.31,2.59,10.07,2.59,10.07,10.07,0,0,100,
No,36948029,Mac Jones,QB,JAX,vs NYJ,4900,7.14,2.9,19,9.61,19.01,18,15,4,52.75,73.74,61.52,47.04,34.4,23.16,13.54,7.18,3.36,1.92,-1.65,3.57,14.21,3.57,14.21,14.21,0,0,100,
No,36948156,Raheem Mostert,RB,MIA,@ HOU,4900,6.48,0.92,22,0.04,8.72,27,33,1,92.28,20.08,10.44,5.08,2.06,0.84,0.32,0.04,0.02,0.64,0.44,0.2,4.53,0.2,4.53,4.53,0,0,100,
No,36948158,Jerome Ford,RB,CLE,vs KC,4900,6.22,1.88,18.5,5.11,13.57,19,25,2.16,76.88,45.54,31.04,18.54,9.72,4.34,2.12,0.76,0.16,1.92,0.84,1.08,9.19,1.08,9.19,9.19,0,0,100,
No,36948160,Antonio Gibson,RB,NE,@ ARI,4900,5.28,1,20,1.33,8.39,70,47,1,95.33,17.18,7.62,3.2,1.3,0.34,0.04,0.04,0,0.01,-0.12,0.13,4.9,0.13,4.9,4.90,0,0,100,
No,36948418,Nick Westbrook-Ikhine,WR,TEN,vs CIN,4900,7.01,1.84,20.25,4.36,13.77,21,39,3.46,75.06,45.74,32.78,21.4,12.56,6.76,3.46,1.7,0.56,5.12,2.75,2.37,9.02,2.37,9.02,9.02,0,0,100,
No,36948826,Dalton Kincaid,TE,BUF,@ DET,4900,6.25,1.85,26,4.73,13.22,26,20,2.13,77.32,45.76,30.56,18.72,10.68,4.6,1.96,0.66,0.14,1.28,-0.41,1.69,9.07,1.69,9.07,9.07,0,0,100,
No,36948162,Justice Hill,RB,BAL,@ NYG,4800,5.53,1.55,30,3.76,11.22,32,31,1,86.4,34.34,20.7,10.46,4.36,1.3,0.36,0.16,0.04,0.64,-0.22,0.86,7.45,0.86,7.45,7.45,0,0,100,
No,36948166,Kimani Vidal,RB,LAC,vs TB,4800,5.07,1.59,24.25,4.14,11.15,84,35,1,87.72,34.32,19.2,9.08,3.7,1.06,0.26,0.1,0,0.01,-0.69,0.7,7.63,0.7,7.63,7.63,0,0,100,
No,36948420,Keon Coleman,WR,BUF,@ DET,4800,5.96,1.64,26,3.79,11.71,121,68,1.1,82.81,38.34,24,13.58,6.9,2.98,1.12,0.28,0.06,0.01,-0.95,0.96,7.88,0.96,7.88,7.88,0,0,100,
No,36948422,Alec Pierce,WR,IND,@ DEN,4800,5.85,1.18,19.5,1.64,9.69,141,72,1,90.96,25.64,14.44,7.26,2.62,0.9,0.22,0.04,0,0.01,-0.49,0.5,5.68,0.5,5.68,5.68,0,0,100,
No,36948168,Jaleel McLaughlin,RB,DEN,vs IND,4700,5.57,1.64,24,3.89,11.45,33,28,1,84.17,38.04,23.32,12.7,6.06,2.14,0.78,0.28,0.06,0.64,-0.76,1.4,7.7,1.4,7.7,7.70,0,0,100,
No,36948170,Ray Davis,RB,BUF,@ DET,4700,5.84,0.9,26,0.45,8.31,75,41,1,93.96,18.54,9.74,4.32,1.54,0.58,0.24,0.1,0.06,0.01,-0.23,0.24,4.21,0.24,4.21,4.21,0,0,100,
No,36948172,Devin Singletary,RB,NYG,vs BAL,4700,5.08,0.64,13.5,0,6.52,56,62,1,97.82,10.5,3.92,1.24,0.26,0.08,0,0,0,0.01,-0.1,0.11,3.03,0.11,3.03,3.03,0,0,100,
No,36948424,Brandin Cooks,WR,DAL,@ CAR,4700,6.15,1.3,19.5,1.93,10.21,44,58,1,87.87,30.18,18.04,9.62,4.76,1.8,0.68,0.18,0.04,1.92,1.36,0.56,6.1,0.56,6.1,6.10,0,0,100,
No,36948426,Xavier Legette,WR,CAR,vs DAL,4700,5.88,1.95,22.5,5.26,13.03,55,36,1.97,75.79,48.1,32.82,19.96,9.9,4.82,1.98,0.62,0.22,2.56,-0.56,3.12,9.17,3.12,9.17,9.17,0,0,100,
No,36948174,Trey Benson,RB,ARI,vs NE,4600,4.34,1.06,26,1.85,7.81,78,44,1,97.04,16.2,6.6,2.36,0.52,0.18,0.04,0,0,0.01,-0.17,0.18,4.86,0.18,4.86,4.86,0,0,100,
No,36948176,Kenneth Gainwell,RB,PHI,vs PIT,4600,4.51,0.78,24.25,0.55,6.52,76,52,1,98.18,11.04,4.56,1.24,0.3,0.06,0,0,0,0.01,-0.11,0.12,3.61,0.12,3.61,3.61,0,0,100,
No,36948428,Wan'Dale Robinson,WR,NYG,vs BAL,4600,6.01,1.89,13.5,4.64,12.48,32,44,2.02,76.42,46.82,32,19.68,10.72,5.04,2.28,0.76,0.26,2.56,1.12,1.44,8.71,1.44,8.71,8.71,0,0,100,
No,36948432,Joshua Palmer,WR,LAC,vs TB,4600,5.45,1.93,24.25,5.26,12.59,35,40,1.28,77.71,47.94,31.98,17.88,9.1,4.16,1.8,0.66,0.14,1.92,0.29,1.63,8.89,1.63,8.89,8.89,0,0,100,
No,36948182,Audric Estime,RB,DEN,vs IND,4500,3.88,0.83,24,1.15,6.38,79,49,1,99.02,9.18,3,0.6,0.08,0,0,0,0,0.01,-0.12,0.13,3.73,0.13,3.73,3.73,0,0,100,
No,36948184,Kendre Miller,RB,NO,vs WAS,4500,5.25,1.53,18.5,3.27,10.33,25,32,1,86.97,33.96,19.7,9.92,4.46,1.78,0.7,0.2,0.06,1.28,0.98,0.3,6.89,0.3,6.89,6.89,0,0,100,
No,36948430,Marquez Valdes-Scantling,WR,NO,vs WAS,4500,6.34,1.92,18.5,4.34,13.1,30,42,2.76,74.35,46.78,33.98,22.98,13.28,6.86,3.16,1.36,0.48,2.56,0.98,1.58,8.65,1.58,8.65,8.65,0,0,100,
No,36948434,DeMario Douglas,WR,NE,@ ARI,4500,5.89,2.27,20,6.32,13.95,10,22,3.61,66.99,59,43.8,29.72,17.32,9.5,5.02,2.04,0.7,5.76,1.78,3.98,10.21,3.98,10.21,10.21,0,0,100,
No,36948830,Cade Otton,TE,TB,@ LAC,4500,6.5,2.23,21.75,5.69,14.44,9,13,4.89,66.44,57.16,43.22,29.78,18.7,10.9,5.66,2.4,1.1,5.12,2.78,2.34,10.04,2.34,10.04,10.04,0,0,100,
No,36948043,Tommy DeVito,QB,NYG,vs BAL,4400,6.65,2.94,13.5,8.56,17.36,19,17,3.26,51.53,73.46,62.16,49.58,36.18,24.74,15.88,9.02,5.04,0.64,-3.07,3.71,12.94,3.71,12.94,12.94,0,0,100,
No,36948186,Ty Johnson,RB,BUF,@ DET,4400,5,0.8,26,0.3,6.97,77,45,1,96.44,14.68,7.08,2.46,0.74,0.16,0.02,0,0,0.01,-0.19,0.2,3.53,0.2,3.53,3.53,0,0,100,
No,36948188,Jaylen Wright,RB,MIA,@ HOU,4400,3.83,0.84,22,1.07,6.24,85,42,1,98.96,9.26,2.82,0.74,0.12,0.02,0,0,0,0.01,-0.29,0.3,3.7,0.3,3.7,3.70,0,0,100,
No,36948436,Rashod Bateman,WR,BAL,@ NYG,4400,6.01,1.7,30,3.5,11.69,28,48,1.48,80.1,41.04,27.62,16.96,9.36,5.14,2.36,1.02,0.44,3.84,2.54,1.3,7.48,1.3,7.48,7.48,0,0,100,
No,36948438,Michael Wilson,WR,ARI,vs NE,4400,6.09,1.98,26,4.55,12.81,22,35,2.58,73.67,49.4,35.2,22.98,13.56,7.3,3.68,1.78,0.8,3.2,0.8,2.4,8.7,2.4,8.7,8.70,0,0,100,
No,36948832,Sam LaPorta,TE,DET,vs BUF,4400,7.34,2.48,28.5,6.01,15.53,6,9,9.42,58.91,62.68,49.96,38.7,27.52,17.94,11.36,6.62,3.5,7.04,2.5,4.54,10.91,4.54,10.91,10.91,0,0,100,
No,36948194,Sean Tucker,RB,TB,@ LAC,4300,4.11,0.54,21.75,0,5.06,53,55,1,99.26,6.8,2.08,0.54,0.14,0.06,0,0,0,0.01,-0.16,0.17,2.32,0.17,2.32,2.32,0,0,100,
No,36948196,Tyjae Spears,RB,TEN,vs CIN,4300,6.02,1.7,20.25,3.11,11.23,73,36,1.52,79.82,41.74,28.58,18.04,10.38,5.54,2.6,1.12,0.48,0.01,-0.5,0.51,7.29,0.51,7.29,7.29,0,0,100,
No,36948440,Tim Patrick,WR,DET,vs BUF,4300,5.44,1.68,28.5,3.54,10.89,61,54,1,82.45,39.16,24.98,14.24,7.1,3.4,1.44,0.54,0.12,1.28,-0.28,1.56,7.24,1.56,7.24,7.24,0,0,100,
No,36948442,Allen Lazard,WR,NYJ,@ JAX,4300,5.76,1.39,22,2.2,9.87,63,59,1,86.48,33.34,20.76,10.94,5.18,2.62,1.06,0.32,0.08,0.64,-0.07,0.71,5.97,0.71,5.97,5.97,0,0,100,
No,36948834,Hunter Henry,TE,NE,@ ARI,4300,6.61,2.79,20,7.54,16.8,2,4,10.42,51.88,68.34,56.08,42.84,31.14,20.9,12.98,7.34,4.38,10.88,1.1,9.78,12.01,9.78,12.01,12.01,0,0,100,
No,36948192,Hassan Haskins,RB,LAC,vs TB,4200,2.13,0.26,24.25,0,2.58,40,54,1,100,0.02,0,0,0,0,0,0,0,0.01,-0.07,0.08,1.11,0.08,1.11,1.11,0,0,100,
No,36948200,Jamaal Williams,RB,NO,vs WAS,4200,4.47,0.4,18.5,0,4.57,38,48,1,99.01,6.62,2.52,0.64,0.18,0.02,0,0,0,0.01,-0.11,0.12,1.67,0.12,1.67,1.67,0,0,100,
No,36948448,Devaughn Vele,WR,DEN,vs IND,4200,5.4,2.05,24,4.89,12.17,62,43,1.69,73.92,50.64,35.6,22.18,12.9,6.5,2.66,0.98,0.28,0.64,-1.98,2.62,8.62,2.62,8.62,8.62,0,0,100,
No,36948450,Darius Slayton,WR,NYG,vs BAL,4100,5.63,1.52,13.5,2.23,9.95,42,56,1,83.99,37.3,23.88,13.62,7.24,3.42,1.48,0.62,0.16,1.28,0.74,0.54,6.24,0.54,6.24,6.24,0,0,100,
No,36948452,Parker Washington,WR,JAX,vs NYJ,4100,5.27,1.84,19,3.97,11.23,40,53,1,79.28,44.66,30.32,17.62,9.58,4.56,2.26,0.86,0.18,1.28,0.6,0.68,7.54,0.68,7.54,7.54,0,0,100,
No,36948838,Mark Andrews,TE,BAL,@ NYG,4100,7.17,2.19,30,4.11,13.82,10,14,6.51,65.45,52.7,41.58,31.26,21.66,13.72,8.66,4.7,2.7,5.76,2.68,3.08,8.99,3.08,8.99,8.99,0,0,100,
No,36948250,JaMycal Hasty,RB,NE,@ ARI,4000,3.5,0.39,20,0,3.9,37,53,1,99.79,3.44,0.9,0.24,0.04,0,0,0,0,0.01,-0.07,0.08,1.57,0.08,1.57,1.57,0,0,100,
No,36948282,Chris Rodriguez Jr.,RB,WAS,@ NO,4000,3.3,0.55,26,0.03,4.44,86,50,1,99.78,4.06,1.08,0.3,0.02,0,0,0,0,0.01,-0.16,0.17,2.2,0.17,2.2,2.20,0,0,100,
No,36948316,Samaje Perine,RB,KC,@ CLE,4000,4.51,0.79,23,0.03,6.15,66,56,1,96.93,14.2,6.68,2.46,0.76,0.16,0,0,0,0.01,-0.09,0.1,3.16,0.1,3.16,3.16,0,0,100,
No,36948334,Mike Boone,RB,CAR,vs DAL,4000,3.66,0.74,22.5,0.49,5.33,89,51,1,99.11,8.62,2.46,0.7,0.1,0.02,0,0,0,0.01,-0.15,0.16,2.94,0.16,2.94,2.94,0,0,100,
No,36948340,Hunter Luepke,RB,DAL,@ CAR,4000,3.12,0.49,19.5,0,4.07,42,34,1,99.9,2.66,0.52,0.06,0,0,0,0,0,0.01,-1.84,1.85,1.95,1.85,1.95,1.95,0,0,100,
No,36948344,Dare Ogunbowale,RB,HOU,vs MIA,4000,3.87,0.49,24.5,0,4.51,46,57,1,99.37,5.86,1.9,0.62,0.12,0.04,0,0,0,0.01,-0.09,0.1,1.94,0.1,1.94,1.94,0,0,100,
No,36948346,Cordarrelle Patterson,RB,PIT,@ PHI,4000,4.95,0.78,18.75,0,6.5,61,59,1,95.65,15.96,8.06,3.36,1.1,0.46,0.1,0,0,0.01,-0.13,0.14,3.13,0.14,3.13,3.13,0,0,100,
No,36948456,Adonai Mitchell,WR,IND,@ DEN,4000,4.15,0.95,19.5,1.1,6.72,147,84,1,96.97,15.12,6.22,2.1,0.68,0.22,0.04,0,0,0.01,-0.23,0.24,3.81,0.24,3.81,3.81,0,0,100,
No,36948458,Marvin Mims Jr.,WR,DEN,vs IND,4000,5.78,1.76,24,2.98,10.97,64,52,1.5,78.42,42.36,29.68,19.8,12.06,6.1,3.04,1.36,0.58,0.64,-1.66,2.3,7.05,2.3,7.05,7.05,0,0,100,
No,36948460,Sterling Shepard,WR,TB,@ LAC,4000,5.34,2.27,21.75,5.54,12.84,53,33,2.46,68.06,58.68,43.8,29.62,18.3,10.38,5.18,2.24,0.98,1.28,-1.39,2.67,9.09,2.67,9.09,9.09,0,0,100,
No,36948840,Zach Ertz,TE,WAS,@ NO,4000,6.16,2.74,26,6.79,15.08,5,7,8.03,54.15,68.86,56.72,43.4,31.94,20.74,12.62,7.14,3.58,6,0.48,5.52,10.96,5.52,10.96,10.96,0,0,100,
No,36948462,David Moore,WR,CAR,vs DAL,3900,4.94,1.58,22.5,2.85,9.52,65,55,1,85.45,36.8,23.08,12.82,6.56,2.96,0.96,0.44,0.12,0.64,-0.57,1.21,6.14,1.21,6.14,6.14,0,0,100,
No,36948464,Jalen Tolbert,WR,DAL,@ CAR,3900,4.75,1.23,19.5,1.39,7.86,135,76,1,91.69,26.48,15.22,7.34,2.92,0.92,0.32,0.08,0.04,0.01,-0.26,0.27,4.78,0.27,4.78,4.78,0,0,100,
No,36948466,John Metchie III,WR,HOU,vs MIA,3900,4.62,1.4,24.5,2.27,8.45,67,64,1,89.94,30.92,18.4,9.12,3.96,1.26,0.32,0.06,0.04,0.02,-0.37,0.39,5.46,0.39,5.46,5.46,0,0,100,
No,36948842,Pat Freiermuth,TE,PIT,@ PHI,3900,5.6,2.02,18.75,4.17,11.72,23,18,2.01,73.37,51.12,37.5,25.56,16.04,8.84,4.78,2,0.9,1.92,-0.18,2.1,7.86,2.1,7.86,7.86,0,0,100,
No,36949084,Ravens ,DST,BAL,@ NYG,3900,4.66,2.65,30,7.22,13.38,6,1,6.63,41.6,71.26,56.04,39.56,24.12,13.12,6.32,2.5,1,5.12,-11.84,16.96,10.35,16.96,10.35,10.35,0,0,100,
No,36948468,Mack Hollins,WR,BUF,@ DET,3800,4.95,0.9,26,0.07,6.87,139,82,1,94.03,19.3,10.86,5.58,2.3,0.86,0.38,0.14,0.02,0.01,-0.26,0.27,3.41,0.27,3.41,3.41,0,0,100,
No,36948470,Andrei Iosivas,WR,CIN,@ TEN,3800,5.18,1.46,26.25,2.06,9.07,49,57,1,85.89,33.92,21.98,12.9,6.78,3.28,1.56,0.6,0.18,0.64,0.07,0.57,5.55,0.57,5.55,5.55,0,0,100,
No,36948472,Mike Williams,WR,PIT,@ PHI,3800,6.37,1.76,18.75,2.37,10.92,36,47,2.54,75.71,44.18,33.2,22.84,14.88,8.82,4.66,2.32,1.18,3.2,0.3,2.9,6.68,2.9,6.68,6.68,0,0,100,
No,36948844,Jake Ferguson,TE,DAL,@ CAR,3800,6.42,2.61,19.5,5.65,14.24,3,6,7.57,57.44,63.42,52.26,40.78,30.08,20.74,12.92,7.78,4.32,8.98,3.16,5.82,9.92,5.82,9.92,9.92,0,0,100,
No,36948474,JuJu Smith-Schuster,WR,KC,@ CLE,3700,5.46,0.99,23,0.01,7.29,134,81,1,90.63,24.8,15.7,8.86,4.34,2.02,0.78,0.36,0.16,0.01,-0.24,0.25,3.68,0.25,3.68,3.68,0,0,100,
No,36948476,Jalen Coker,WR,CAR,vs DAL,3700,5,1.51,22.5,2.03,8.92,50,60,1,85.46,35.94,22.16,12.4,6.68,3.16,1.4,0.6,0.18,0.64,0.18,0.46,5.6,0.46,5.6,5.60,0,0,100,
No,36948478,Jalen McMillan,WR,TB,@ LAC,3700,5.96,2.24,21.75,4.45,12.28,12,29,3.75,66.9,53.96,42.38,30.64,20.94,12.62,7.08,3.42,1.9,5.76,1.54,4.22,8.28,4.22,8.28,8.28,0,0,100,
No,36949085,Chiefs ,DST,KC,@ CLE,3700,4.98,2.44,23,5.81,12.16,8,9,5.79,48.71,62.04,47.88,33.24,20.92,12.18,6.24,2.98,1.14,3.84,0.13,3.71,9.04,3.71,9.04,9.04,0,0,100,
No,36948480,Kendrick Bourne,WR,NE,@ ARI,3600,5.66,2,20,3.37,10.83,52,45,2.17,72.81,50.32,37.96,26.46,17.22,10.36,5.34,2.82,1.16,1.28,-0.19,1.47,7.2,1.47,7.2,7.20,0,0,100,
No,36948482,Curtis Samuel,WR,BUF,@ DET,3600,5.12,1.01,26,0.18,7.11,160,85,1,91.42,24.98,14.96,8.5,4.1,1.76,0.7,0.26,0.1,0.01,-0.4,0.41,3.64,0.41,3.64,3.64,0,0,100,
No,36948484,KaVontae Turpin,WR,DAL,@ CAR,3600,4.61,1.3,19.5,1.48,7.74,47,63,1,90.26,29.42,16.6,8.66,4.08,1.72,0.66,0.22,0.02,1.28,0.94,0.34,4.66,0.34,4.66,4.66,0,0,100,
No,36948486,Calvin Austin III,WR,PIT,@ PHI,3600,5.6,1.88,18.75,2.98,10.56,26,37,1.71,75.45,46.56,34.1,23.44,15.3,8.68,4.56,2.14,0.86,3.84,0.64,3.2,6.78,3.2,6.78,6.78,0,0,100,
No,36948848,Isaiah Likely,TE,BAL,@ NYG,3600,6.21,1.9,30,2.5,10.88,12,19,2.86,73.05,46.2,34.84,24.6,16.28,9.46,5.88,3.2,1.76,4.48,2.37,2.11,6.82,2.11,6.82,6.82,0,0,100,
No,36948488,Kayshon Boutte,WR,NE,@ ARI,3500,5,2.41,20,4.91,11.76,45,24,2.3,65.41,60.94,47.48,33.62,21.88,13.2,6.6,3.08,1.32,2.56,-1.85,4.41,8.42,4.41,8.42,8.42,0,0,100,
No,36948490,Cedrick Wilson Jr.,WR,NO,vs WAS,3500,4.03,0.82,18.5,0.22,5.6,153,92,1,96.88,16.02,7.8,2.88,1,0.32,0.06,0,0,0.01,-0.15,0.16,2.88,0.16,2.88,2.88,0,0,100,
No,36948492,Van Jefferson,WR,PIT,@ PHI,3500,4.14,1.26,18.75,1.56,7.03,131,75,1,92.63,26.34,14.88,7.06,3.04,1.12,0.42,0.1,0.02,0.01,-0.22,0.23,4.4,0.23,4.4,4.40,0,0,100,
No,36948850,Mike Gesicki,TE,CIN,@ TEN,3500,5.17,1.6,26.25,2.12,9.03,24,24,1,82.27,39.4,27.02,17.14,10.1,5.2,2.68,1.42,0.6,1.28,0.01,1.27,5.61,1.27,5.61,5.61,0,0,100,
No,36948852,Grant Calcaterra,TE,PHI,vs PIT,3500,4.39,1.81,24.25,3.33,9.27,27,22,1,82.28,44.3,29.3,17.14,9.26,4.22,1.82,0.54,0.14,0.64,-0.8,1.44,6.33,1.44,6.33,6.33,0,0,100,
No,36949086,Bengals ,DST,CIN,@ TEN,3500,5.47,2.13,26.25,3.74,11.19,10,11,5.12,56.75,54.34,41.68,30.02,19.66,11.86,6.8,3.42,1.84,4.48,1.99,2.49,7.47,2.49,7.47,7.47,0,0,100,
No,36948494,Tyler Boyd,WR,TEN,vs CIN,3400,5.71,1.9,20.25,2.67,10.43,27,46,2.04,74.06,47.68,36.16,26.1,17.62,11.18,6.8,3.54,1.8,3.2,1.54,1.66,6.47,1.66,6.47,6.47,0,0,100,
No,36948496,Justin Watson,WR,KC,@ CLE,3400,3.28,0.73,23,0.21,4.58,157,95,1,99.05,10.04,3.76,0.9,0.18,0.04,0,0,0,0.01,-0.1,0.11,2.48,0.11,2.48,2.48,0,0,100,
No,36948500,Troy Franklin,WR,DEN,vs IND,3400,4.6,1.44,24,1.73,7.91,66,65,1,87.33,33.96,21.02,12.6,6.3,2.74,1.02,0.32,0.1,0.02,-0.43,0.45,4.9,0.45,4.9,4.90,0,0,100,
No,36948854,Dawson Knox,TE,BUF,@ DET,3400,4.74,0.97,26,0.06,6.48,65,32,1,92.56,22.36,13.52,7.26,3.28,1.42,0.44,0.08,0,0.01,-0.58,0.59,3.31,0.59,3.31,3.31,0,0,100,
No,36948856,Juwan Johnson,TE,NO,vs WAS,3400,6.08,2.63,18.5,4.99,13.02,11,10,6.44,58.03,62.9,51.52,41.74,31.04,22.34,14.58,8.76,4.98,5.12,0.05,5.07,8.93,5.07,8.93,8.93,0,0,100,
No,36949087,Commanders ,DST,WAS,@ NO,3400,5.26,2.41,26,4.72,11.86,15,10,6.48,49.74,59.46,47.26,34.72,23.8,14.34,8.26,4.2,2.16,1.92,-2.73,4.65,8.19,4.65,8.19,8.19,0,0,100,
No,36948502,DJ Chark,WR,LAC,vs TB,3300,3.71,0.81,24.25,0.24,5.18,149,94,1,97.44,14.78,6.58,2.22,0.82,0.18,0.04,0,0,0.01,-0.13,0.14,2.67,0.14,2.67,2.67,0,0,100,
No,36948504,Josh Reynolds,WR,JAX,vs NYJ,3300,4.57,0.86,19,0,5.98,74,70,1,93.92,20.86,12.16,6.6,2.62,1.08,0.36,0.14,0.04,0.01,-0.2,0.21,2.84,0.21,2.84,2.84,0,0,100,
No,36948506,Jahan Dotson,WR,PHI,vs PIT,3300,4.91,0.78,24.25,0,6.09,57,69,1,93.26,20.5,12.28,6.54,3.46,1.46,0.56,0.18,0.08,0.64,0.52,0.12,2.58,0.12,2.58,2.58,0,0,100,
No,36948508,Jonathan Mingo,WR,DAL,@ CAR,3300,2.65,0.4,19.5,0,3.07,75,86,1,99.94,2.36,0.5,0.12,0.02,0.02,0,0,0,0.01,-0.07,0.08,1.34,0.08,1.34,1.34,0,0,100,
No,36948510,Nelson Agholor,WR,BAL,@ NYG,3300,4.45,0.91,30,0,5.89,72,71,1,94.01,21,11.88,6.1,2.96,1.12,0.46,0.1,0.04,0.01,-0.2,0.21,2.99,0.21,2.99,2.99,0,0,100,
No,36948858,Luke Schoonmaker,TE,DAL,@ CAR,3300,3.59,0.78,19.5,0.18,5.02,74,40,1,97.96,12.74,5.44,2.26,0.74,0.12,0.04,0,0,0.01,-0.36,0.37,2.58,0.37,2.58,2.58,0,0,100,
No,36948860,Dalton Schultz,TE,HOU,vs MIA,3300,6.84,3,24.5,5.31,14.43,1,3,12.03,50.13,68.04,58.46,48.58,40.12,31.82,23.98,17.04,11.52,16.64,8.2,8.44,9.9,8.44,9.9,9.90,0,0,100,
No,36949088,Texans ,DST,HOU,vs MIA,3300,5.61,1.93,24.5,2.58,10.28,23,20,4.46,60.81,49.3,37.08,26.42,17.6,11.2,6.08,3.02,1.58,1.28,-0.58,1.86,6.38,1.86,6.38,6.38,0,0,100,
No,36948512,Tylan Wallace,WR,BAL,@ NYG,3200,2.85,0.64,30,0.1,3.96,143,91,1,99.62,6.38,1.86,0.36,0.02,0,0,0,0,0.01,-0.12,0.13,2.06,0.13,2.06,2.06,0,0,100,
No,36948514,Kevin Austin Jr.,WR,NO,vs WAS,3200,4.15,2.01,18.5,3.54,9.27,111,67,1,78.33,50.3,35.3,21.72,12.22,5.96,2.6,1.02,0.38,0.01,-1.19,1.2,6.43,1.2,6.43,6.43,0,0,100,
No,36948516,Olamide Zaccheaus,WR,WAS,@ NO,3200,4.82,1.88,26,2.71,9.28,33,50,1,77.65,46.32,33.86,22.94,14.08,8.1,4.34,2,0.9,2.56,1.83,0.73,6.02,0.73,6.02,6.02,0,0,100,
No,36948518,Trey Palmer,WR,TB,@ LAC,3200,2.37,0.37,21.75,0,2.82,83,83,1,99.98,1.22,0.16,0,0,0,0,0,0,0.01,-0.15,0.16,1.19,0.16,1.19,1.19,0,0,100,
No,36948520,Michael Woods II,WR,CLE,vs KC,3200,3.84,1.91,18.5,3.51,8.8,60,51,1,82.44,47.4,31.06,17.8,8.38,3.36,1.1,0.36,0.08,0.64,-0.63,1.27,6.1,1.27,6.1,6.10,0,0,100,
No,36948862,Austin Hooper,TE,NE,@ ARI,3200,4.54,1.89,20,3.21,9.21,28,23,1,78.8,45.68,31.9,20.7,12.66,7.06,3.24,1.36,0.58,0.48,-0.8,1.28,6.05,1.28,6.05,6.05,0,0,100,
No,36948864,Noah Gray,TE,KC,@ CLE,3200,4.71,2.01,23,3.17,9.58,14,17,1,75.46,49.26,35.92,24.5,15.04,8.64,4.14,2,0.68,3.2,1.25,1.95,6.43,1.95,6.43,6.43,0,0,100,
No,36949089,Broncos ,DST,DEN,vs IND,3200,6.24,2.35,24,3.32,11.72,4,8,9.58,50.96,57.1,47.18,36.4,27.56,19.74,13.68,8.84,5.48,9.6,5.81,3.79,7.53,3.79,7.53,7.53,0,0,100,
No,36948522,Luke McCaffrey,WR,WAS,@ NO,3100,3.96,1.41,26,1.77,7.02,51,62,1,90.01,31.9,19.88,11.32,5.48,2.04,0.7,0.2,0.02,0.64,0.19,0.45,4.37,0.45,4.37,4.37,0,0,100,
No,36948524,Dyami Brown,WR,WAS,@ NO,3100,5.21,2.24,26,3.39,10.46,13,31,2.18,68.47,55.84,44.7,32.24,22.64,14.18,8.8,4.88,2.74,4.48,1.54,2.94,6.94,2.94,6.94,6.94,0,0,100,
No,36948526,Jalin Hyatt,WR,NYG,vs BAL,3100,2.88,0.47,13.5,0,3.36,81,73,1,99.72,5.06,1.3,0.34,0.08,0,0,0,0,0.01,-0.34,0.35,1.46,0.35,1.46,1.46,0,0,100,
No,36948530,Greg Dortch,WR,ARI,vs NE,3100,4.91,1.13,26,0.46,6.94,46,66,1,88.73,29.36,19.38,12.02,6.56,3.54,1.78,0.84,0.38,1.92,1.59,0.33,3.49,0.33,3.49,3.49,0,0,100,
No,36948532,Ja'Lynn Polk,WR,NE,@ ARI,3100,3.38,0.79,20,0.29,4.67,150,93,1,98.06,14.54,6.66,2.6,0.74,0.1,0.02,0,0,0.01,-0.13,0.14,2.45,0.14,2.45,2.45,0,0,100,
No,36948866,Ja'Tavion Sanders,TE,CAR,vs DAL,3100,4.81,1.4,22.5,1.27,7.47,81,29,1,85.56,34.88,23.36,14.76,8.1,4.84,2.2,1,0.38,0.01,-0.62,0.63,4.34,0.63,4.34,4.34,0,0,100,
No,36949090,Eagles ,DST,PHI,vs PIT,3100,5.67,2.63,24.25,4.21,11.74,1,3,9.92,45.04,63.42,52.9,41.78,30.62,21.38,14.82,9.48,5.7,9.02,3.48,5.54,8.15,5.54,8.15,8.15,0,0,100,
No,36948538,Dante Pettis,WR,NO,vs WAS,3000,3.97,1,18.5,0.41,5.69,144,90,1,94.08,22.3,13.06,6.68,2.98,1.52,0.4,0.08,0.04,0.01,-0.14,0.15,3.01,0.15,3.01,3.01,0,0,100,
No,36948540,Lil'Jordan Humphrey,WR,DEN,vs IND,3000,4.55,1.36,24,0.95,7.19,137,74,1,86.98,34.16,23.02,14.66,8.12,4.1,1.9,0.8,0.26,0.01,-0.37,0.38,4.08,0.38,4.08,4.08,0,0,100,
No,36948542,Ben Skowronek,WR,PIT,@ PHI,3000,2.5,0.4,18.75,0,2.81,84,77,1,99.93,3,0.8,0.14,0.02,0,0,0,0,0.01,-0.31,0.32,1.2,0.32,1.2,1.20,0,0,100,
No,36948544,Scotty Miller,WR,PIT,@ PHI,3000,3.59,1.01,18.75,0.58,5.4,140,87,1,95.69,20,10.46,4.84,1.92,0.74,0.2,0.06,0.02,0.01,-0.15,0.16,3.04,0.16,3.04,3.04,0,0,100,
No,36948554,Johnny Wilson,WR,PHI,vs PIT,3000,1.9,0.38,24.25,0,2.44,79,89,1,100,0.48,0.02,0,0,0,0,0,0,0.01,-0.08,0.09,1.14,0.09,1.14,1.14,0,0,100,
No,36948582,Derius Davis,WR,LAC,vs TB,3000,2.84,1.12,24.25,1.41,5.25,130,79,1,97.98,17.5,7.36,2.18,0.72,0.22,0.02,0.02,0.02,0.01,-0.15,0.16,3.37,0.16,3.37,3.37,0,0,100,
No,36948624,Zay Jones,WR,ARI,vs NE,3000,4.17,0.57,26,0,4.48,78,80,1,96.4,15.82,8.82,3.96,1.76,0.68,0.14,0.06,0,0.01,-0.11,0.12,1.7,0.12,1.7,1.70,0,0,100,
No,36948708,Devin Duvernay,WR,JAX,vs NYJ,3000,4.46,1.38,19,0.95,7.13,129,78,1,87.22,33.36,22.3,14.2,7.76,4.14,1.62,0.54,0.16,0.01,-0.21,0.22,4.13,0.22,4.13,4.13,0,0,100,
No,36948742,Malik Washington,WR,MIA,@ HOU,3000,4.18,1.38,22,1.45,6.99,54,61,1,88.72,32.34,20.28,11.28,5.96,2.86,0.84,0.18,0.06,0.64,0.01,0.63,4.14,0.63,4.14,4.14,0,0,100,
No,36948760,Robert Woods,WR,HOU,vs MIA,3000,3,0.7,24.5,0.13,4.14,168,88,1,99.11,9.46,3.44,1.02,0.28,0.04,0,0,0,0.01,-0.86,0.87,2.09,0.87,2.09,2.09,0,0,100,
No,36948868,Tommy Tremble,TE,CAR,vs DAL,3000,3.99,1.06,22.5,0.39,5.79,72,35,1,93.4,23.34,13.58,7.3,3.44,1.32,0.56,0.1,0.08,0.01,-0.49,0.5,3.19,0.5,3.19,3.19,0,0,100,
No,36948870,Foster Moreau,TE,NO,vs WAS,3000,4.44,1.67,18.5,2.03,7.98,16,21,1,82.64,40.88,28.32,17.9,10.3,5.74,2.64,1.32,0.5,3.2,2.11,1.09,5.02,1.09,5.02,5.02,0,0,100,
No,36949091,Cardinals ,DST,ARI,vs NE,3000,5.24,2.45,26,3.93,10.83,9,7,6.68,48.91,58.92,47.48,36.62,26.56,17.7,11.56,7.04,4.1,3.86,-5.06,8.92,7.34,8.92,7.34,7.34,0,0,100,
No,36949092,Jets ,DST,NYJ,@ JAX,3000,5.45,2.51,22,3.81,11.05,5,6,7.96,47.63,61.42,50.42,40.14,29.08,20.92,14.04,8.5,5.2,6.4,1.95,4.45,7.52,4.45,7.52,7.52,0,0,100,
No,36948872,Chig Okonkwo,TE,TEN,vs CIN,2900,4.3,2.11,20.25,3.24,9.04,25,15,1,74.55,52.74,39.62,27.44,17.06,9.6,4.6,2.08,0.8,1.92,-1.92,3.84,6.12,3.84,6.12,6.12,0,0,100,
No,36948874,Brock Wright,TE,DET,vs BUF,2900,2.62,0.7,28.5,0.28,3.77,83,45,1,99.59,7.5,2.02,0.38,0.04,0,0,0,0,0.01,-0.23,0.24,2.04,0.24,2.04,2.04,0,0,100,
No,36949093,Chargers ,DST,LAC,vs TB,2900,5.37,2.34,24.25,3.18,10.14,7,5,6.39,51.3,58.86,47.62,36.26,26.16,17.76,11.74,7.32,4.22,7.92,1.11,6.81,6.78,6.81,6.78,6.78,0,0,100,
No,36949094,Lions ,DST,DET,vs BUF,2900,4.95,1.61,28.5,1.32,7.9,24,24,1.88,67.85,41.2,30.48,21.42,13.78,8.44,5.02,2.68,1.46,0.64,-0.81,1.45,4.67,1.45,4.67,4.67,0,0,100,
No,36948876,Daniel Bellinger,TE,NYG,vs BAL,2800,3.89,1.61,13.5,1.93,7.27,19,25,1,86.01,38.1,25.62,15.34,8.46,4.34,1.6,0.56,0.24,0.64,0.04,0.6,4.51,0.6,4.51,4.51,0,0,100,
No,36949095,Cowboys ,DST,DAL,@ CAR,2800,5.44,2.03,19.5,1.97,9.26,22,21,4.81,57.61,50.6,40.9,31.58,22.78,15.9,10.3,6.64,4.12,1.28,-0.28,1.56,5.68,1.56,5.68,5.68,0,0,100,
No,36949096,Steelers ,DST,PIT,@ PHI,2800,4.86,1.9,18.75,1.94,8.55,14,19,2.67,61.26,47.9,36.32,26.82,18.3,11.24,6.72,3.66,1.82,3.2,1.9,1.3,5.33,1.3,5.33,5.33,0,0,100,
No,36948880,Jordan Akins,TE,CLE,vs KC,2700,5.09,2.69,18.5,3.69,10.66,7,11,3.49,59.55,64.02,53.98,43.98,32.8,24.28,17.16,11.52,6.9,5.12,1,4.12,7.25,4.12,7.25,7.25,0,0,100,
No,36948882,Darnell Washington,TE,PIT,@ PHI,2700,3.18,1.11,18.75,0.94,5.22,78,33,1,95.75,23.32,12.02,5.7,2.1,0.64,0.16,0.06,0,0.01,-0.35,0.36,3.01,0.36,3.01,3.01,0,0,100,
No,36949097,Jaguars ,DST,JAX,vs NYJ,2700,4.84,2.12,19,2.32,8.95,13,16,3.52,56.24,53.02,42.48,32.46,22.94,14.94,9.34,5.44,3.02,3.2,1.28,1.92,5.72,1.92,5.72,5.72,0,0,100,
No,36949098,Panthers ,DST,CAR,vs DAL,2700,4.68,2.52,22.5,3.81,9.95,2,4,5.04,47.22,61.68,49.22,38.16,27.68,18.36,11.08,6.82,4.14,7.68,4.19,3.49,6.81,3.49,6.81,6.81,0,0,100,
No,36948884,Tanner Hudson,TE,CIN,@ TEN,2600,3.7,1.14,26.25,0.36,5.3,20,27,1,92.3,26.08,15.7,8.76,4.98,2.22,0.92,0.36,0.1,0.64,0.33,0.31,2.96,0.31,2.96,2.96,0,0,100,
No,36948916,Stone Smartt,TE,LAC,vs TB,2600,4.98,3.19,24.25,4.93,11.8,15,1,5.55,49.5,73.66,64.78,53.98,43.22,33.36,24.46,16.94,10.96,12.7,-1.89,14.59,8.3,14.59,8.3,8.30,0,0,100,
No,36949099,Bills ,DST,BUF,@ DET,2600,5.27,1.56,26,0.57,7.71,21,23,2.67,66.07,39.28,30,22.42,15.94,10.3,6.2,3.86,1.96,2.56,1.39,1.17,4.05,1.17,4.05,4.05,0,0,100,
No,36949100,Buccaneers ,DST,TB,@ LAC,2600,4.84,2,21.75,1.92,8.56,12,13,3.09,58.46,51.94,40.56,30.8,22.22,14.36,9.56,5.68,3.5,4.48,1.29,3.19,5.21,3.19,5.21,5.21,0,0,100,
No,36948892,Adam Trautman,TE,DEN,vs IND,2500,2.83,0.8,24,0.16,3.78,67,42,1,98.32,15.22,6.96,2.74,1,0.26,0.02,0,0,0.01,-0.24,0.25,1.99,0.25,1.99,1.99,0,0,100,
No,36948894,MyCole Pruitt,TE,PIT,@ PHI,2500,2.16,0.46,18.75,0,2.63,42,49,1,99.93,4.06,1.04,0.32,0.04,0,0,0,0,0.01,-0.08,0.09,1.15,0.09,1.15,1.15,0,0,100,
No,36948914,Tucker Fisk,TE,LAC,vs TB,2500,2.92,1.11,24.25,0.79,4.66,70,37,1,96.3,21.8,11.28,5.28,2.06,0.6,0.18,0.02,0.02,0.01,-0.28,0.29,2.78,0.29,2.78,2.78,0,0,100,
No,36948932,Mo Alie-Cox,TE,IND,@ DEN,2500,2.29,0.51,19.5,0,2.74,46,47,1,99.83,5,1.34,0.36,0.06,0,0,0,0,0.01,-0.14,0.15,1.26,0.15,1.26,1.26,0,0,100,
No,36948934,Kylen Granson,TE,IND,@ DEN,2500,3.56,1.04,19.5,0.2,4.97,62,38,1,93.53,25.58,15.58,9.04,4.66,1.9,0.86,0.3,0.06,0.01,-0.3,0.31,2.6,0.31,2.6,2.60,0,0,100,
No,36948936,Drew Ogletree,TE,IND,@ DEN,2500,1.94,0.62,19.5,0.27,2.82,86,46,1,99.96,3.88,0.74,0.06,0.02,0,0,0,0,0.01,-0.11,0.12,1.54,0.12,1.54,1.54,0,0,100,
No,36948938,Will Mallory,TE,IND,@ DEN,2500,2.03,0.42,19.5,0,2.37,43,50,1,99.97,2.62,0.44,0.04,0,0,0,0,0,0.01,-0.04,0.05,1.06,0.05,1.06,1.06,0,0,100,
No,36948944,Lucas Krull,TE,DEN,vs IND,2500,3.42,1.12,24,0.45,5.1,63,31,1,93.56,25.9,15.62,8.5,3.92,1.66,0.78,0.3,0.12,0.01,-0.36,0.37,2.8,0.37,2.8,2.80,0,0,100,
No,36948946,Nate Adkins,TE,DEN,vs IND,2500,1.73,0.46,24,0,2.32,37,36,1,100,1.22,0.14,0.02,0,0,0,0,0,0.01,-0.31,0.32,1.15,0.32,1.15,1.15,0,0,100,
No,36948954,Elijah Higgins,TE,ARI,vs NE,2500,3.48,1.02,26,0.27,4.97,68,39,1,94.14,23.44,14.12,7.38,3.36,1.5,0.5,0.12,0.1,0.01,-0.3,0.31,2.55,0.31,2.55,2.55,0,0,100,
No,36948968,Josh Whyle,TE,TEN,vs CIN,2500,2.18,0.8,20.25,0.46,3.44,85,44,1,99.71,8.2,2.76,0.76,0.16,0.02,0,0,0,0.01,-0.19,0.2,1.99,0.2,1.99,1.99,0,0,100,
No,36948970,Nick Vannett,TE,TEN,vs CIN,2500,2.26,0.78,20.25,0.46,3.54,93,41,1,99.63,9.18,2.86,0.8,0.16,0.02,0.02,0,0,0.01,-0.39,0.4,1.95,0.4,1.95,1.95,0,0,100,
No,36948976,Drew Sample,TE,CIN,@ TEN,2500,3.61,1.1,26.25,0.39,5.18,21,26,1,92.64,27.06,17.04,9.58,4.98,2.34,0.88,0.28,0.08,0.64,0.05,0.59,2.76,0.59,2.76,2.76,0,0,100,
No,36948998,John Bates,TE,WAS,@ NO,2500,2.43,0.62,26,0,3.2,44,48,1,99.6,7.28,2.48,0.66,0.16,0.04,0,0,0,0.01,-0.12,0.13,1.55,0.13,1.55,1.55,0,0,100,
No,36949016,Brenton Strange,TE,JAX,vs NYJ,2500,5.03,3.12,19,4.3,11.13,18,5,5.15,51.54,71.52,62.48,52.3,42.12,32.62,24.86,17.74,12.2,7.68,-1.64,9.32,7.81,9.32,7.81,7.81,0,0,100,
No,36949018,Luke Farrell,TE,JAX,vs NYJ,2500,3.21,1.09,19,0.53,4.82,22,28,1,94.99,24.44,13.94,7.68,3.68,1.2,0.3,0.06,0,0.64,0.33,0.31,2.72,0.31,2.72,2.72,0,0,100,
No,36949026,Jeremy Ruckert,TE,NYJ,@ JAX,2500,3.87,2.18,22,2.82,8.07,13,16,1,74.6,53.98,41.32,29.42,19.28,12.06,6.76,3.26,1.56,1.92,0.63,1.29,5.44,1.29,5.44,5.44,0,0,100,
No,36949028,Kenny Yeboah,TE,NYJ,@ JAX,2500,2.04,0.8,22,0.66,3.38,95,34,1,99.84,7.16,1.84,0.36,0.06,0,0,0,0,0.01,-0.91,0.92,2,0.92,2,2.00,0,0,100,
No,36949034,Julian Hill,TE,MIA,@ HOU,2500,2.47,0.86,22,0.49,3.82,82,43,1,99.1,12.6,4.82,1.48,0.4,0.06,0,0,0,0.01,-0.16,0.17,2.16,0.17,2.16,2.16,0,0,100,
No,36949052,Irv Smith Jr.,TE,HOU,vs MIA,2500,3.16,0.75,24.5,0,4.02,57,52,1,97.35,15.72,7.74,3.54,1.26,0.4,0.12,0.02,0.02,0.01,-0.26,0.27,1.88,0.27,1.88,1.88,0,0,100,
No,36949066,Blake Whiteheart,TE,CLE,vs KC,2500,2.99,1.21,18.5,1.01,5.15,79,30,1,95.18,26.64,14.44,7.16,3.12,0.84,0.24,0.04,0,0.01,-0.51,0.52,3.04,0.52,3.04,3.04,0,0,100,
No,36949101,Dolphins ,DST,MIA,@ HOU,2500,4.36,2.19,22,2.44,8.43,17,14,2.53,54.72,54.08,43.28,31.7,22.16,14.62,9.2,5.46,2.82,1.92,-2.27,4.19,5.48,4.19,5.48,5.48,0,0,100,
No,36949102,Colts ,DST,IND,@ DEN,2500,5.4,2.17,19.5,1.79,8.95,11,12,5.59,54.28,52.78,44.38,35.22,27.12,19.96,13.92,9.26,5.88,4.48,1.15,3.33,5.42,3.33,5.42,5.42,0,0,100,
No,36949103,Patriots ,DST,NE,@ ARI,2400,4.66,1.78,20,1.07,7.52,20,22,2.08,62.57,45.22,34.82,25.9,18.22,11.78,7.32,4.32,2.64,2.4,0.76,1.64,4.27,1.64,4.27,4.27,0,0,100,
No,36949104,Saints ,DST,NO,vs WAS,2400,4.41,1.97,18.5,1.73,7.69,16,18,2.05,59.17,48.58,37.9,27.72,19.8,12.98,8.36,4.76,2.82,2.56,1.34,1.22,4.74,1.22,4.74,4.74,0,0,100,
No,36949105,Titans ,DST,TEN,vs CIN,2300,4.72,2.17,20.25,1.79,8.22,18,15,3.52,54.55,52.46,42.76,34.44,26.32,18.32,12.86,7.9,5.18,1.92,-2.34,4.26,4.98,4.26,4.98,4.98,0,0,100,
No,36949106,Browns ,DST,CLE,vs KC,2200,4.44,2.73,18.5,3,8.88,3,2,5.09,43.46,62.02,52.54,43.3,34.1,26,17.82,12.32,8.28,7.04,0.22,6.82,6.01,6.82,6.01,6.01,0,0,100,
No,36949107,Giants ,DST,NYG,vs BAL,2100,5.82,1.63,13.5,0,7.51,19,17,4.94,60.9,45.66,39.14,32.58,26.36,20.36,15.5,11.54,8.3,3.2,-2.05,5.25,3.43,5.25,3.43,3.43,0,0,100,